{"cameraMode":{"drawMode":0,"name":"Shaded","section":"Shading Mode"},"sceneLighting":true,"audioPlay":false,"sceneViewState":{"m_AlwaysRefresh":false,"showFog":true,"showSkybox":true,"showFlares":true,"showImageEffects":true,"showParticleSystems":true,"showVisualEffectGraphs":true,"m_FxEnabled":true},"in2DMode":false,"pivot":{"x":-4.823051452636719,"y":3.4041290283203127,"z":422.5133972167969},"rotation":{"x":0.20849385857582093,"y":-0.6287500858306885,"z":0.18043804168701173,"w":0.7272754907608032},"size":31.590450286865236,"orthographic":false}